<?xml version="1.0" encoding="UTF-8"?>
<project-private xmlns="http://www.netbeans.org/ns/project-private/1">
    <editor-bookmarks xmlns="http://www.netbeans.org/ns/editor-bookmarks/2" lastBookmarkId="0"/>
    <open-files xmlns="http://www.netbeans.org/ns/projectui-open-files/2">
        <group>
            <file>file:/C:/Users/Edward/Documents/NetBeansProjects/Sistem_Manajemen_Perpustakaan/src/sistem_manajemen_perpustakaan/Javaconnect.java</file>
            <file>file:/C:/Users/Edward/Documents/NetBeansProjects/Sistem_Manajemen_Perpustakaan/src/sistem_manajemen_perpustakaan/Daftar.java</file>
            <file>file:/C:/Users/Edward/Documents/NetBeansProjects/Sistem_Manajemen_Perpustakaan/src/sistem_manajemen_perpustakaan/Sistem_Manajemen_Perpustakaan.java</file>
            <file>file:/C:/Users/Edward/Documents/NetBeansProjects/Sistem_Manajemen_Perpustakaan/src/sistem_manajemen_perpustakaan/fiturDosen.java</file>
            <file>file:/C:/Users/Edward/Documents/NetBeansProjects/Sistem_Manajemen_Perpustakaan/src/sistem_manajemen_perpustakaan/pinjamBuku.java</file>
            <file>file:/C:/Users/Edward/Documents/NetBeansProjects/Sistem_Manajemen_Perpustakaan/src/sistem_manajemen_perpustakaan/Login.java</file>
            <file>file:/C:/Users/Edward/Documents/NetBeansProjects/Sistem_Manajemen_Perpustakaan/src/sistem_manajemen_perpustakaan/inputBuku.java</file>
            <file>file:/C:/Users/Edward/Documents/NetBeansProjects/Sistem_Manajemen_Perpustakaan/src/sistem_manajemen_perpustakaan/fiturMhs.java</file>
            <file>file:/C:/Users/Edward/Documents/NetBeansProjects/Sistem_Manajemen_Perpustakaan/src/sistem_manajemen_perpustakaan/fiturPustakawan.java</file>
            <file>file:/C:/Users/Edward/Documents/NetBeansProjects/Sistem_Manajemen_Perpustakaan/src/sistem_manajemen_perpustakaan/LupaPassword.java</file>
        </group>
    </open-files>
</project-private>
